Date,Product,Quantity,Price
7/1/2025,VISOR SB-34 CHROME BLUE,100,600.00
7/1/2025,VISOR SB-34 SMOKE,100,650.00
7/1/2025,VISOR SB-34 CLEAR,250,600.00
7/1/2025,PIVOT KIT SB-37 ZON,5,400.00
7/2/2025,PIVOT KIT SB-36 CRUVE,75,25.00
7/2/2025,SB-94 IGN-16 ECE CARBON LOOK+WHITE L 600MM,40,50.00
7/2/2025,VISOR SB-34 CHROME BLUE,120,550
7/2/2025,VISOR SB-34 SMOKE,40,500
7/3/2025,VISOR SB-34 SMOKE,30,600
7/3/2025,VISOR SB-34 CLEAR,25,400
7/3/2025,PIVOT KIT SB-37 ZON,20,650
7/3/2025,PIVOT KIT SB-36 CRUVE,20,2200
7/4/2025,SB-94 IGN-16 ECE CARBON LOOK+WHITE L 600MM,15,550
7/4/2025,VISOR SB-34 CHROME BLUE,30,500
7/4/2025,VISOR SB-34 SMOKE,30,600
7/4/2025,VISOR SB-34 CLEAR,20,400
7/5/2025,PIVOT KIT SB-37 ZON,15,650
7/5/2025,PIVOT KIT SB-36 CRUVE,25,2200
7/5/2025,SB-94 IGN-16 ECE CARBON LOOK+WHITE L 600MM,20,550
7/5/2025,VISOR SB-34 CHROME BLUE,32,500
7/6/2025,VISOR SB-34 SMOKE,30,600
7/6/2025,VISOR SB-34 CLEAR,40,400
7/6/2025,PIVOT KIT SB-37 ZON,10,650
7/6/2025,PIVOT KIT SB-36 CRUVE,30,2200
7/7/2025,SB-94 IGN-16 ECE CARBON LOOK+WHITE L 600MM,15,550
7/7/2025,VISOR SB-34 CHROME BLUE,15,500
7/7/2025,VISOR SB-34 SMOKE,35,600
7/7/2025,VISOR SB-34 CLEAR,30,400
7/8/2025,PIVOT KIT SB-37 ZON,18,650
7/8/2025,PIVOT KIT SB-36 CRUVE,15,50
7/8/2025,SB-94 IGN-16 ECE CARBON LOOK+WHITE L 600MM,30,550
7/8/2025,VISOR SB-34 CHROME BLUE,55,500
7/9/2025,VISOR SB-34 SMOKE,40,600
7/9/2025,VISOR SB-34 CLEAR,25,400
7/9/2025,PIVOT KIT SB-37 ZON,20,650
7/9/2025,PIVOT KIT SB-36 CRUVE,20,2200
7/10/2025,SB-94 IGN-16 ECE CARBON LOOK+WHITE L 600MM,15,550
7/10/2025,VISOR SB-34 CHROME BLUE,20,500
7/10/2025,VISOR SB-34 SMOKE,25,600
7/10/2025,VISOR SB-34 CLEAR,25,400
7/11/2025,PIVOT KIT SB-37 ZON,25,650
7/11/2025,PIVOT KIT SB-36 CRUVE,15,2200
7/11/2025,SB-94 IGN-16 ECE CARBON LOOK+WHITE L 600MM,10,550
7/11/2025,VISOR SB-34 CHROME BLUE,26,500
7/12/2025,VISOR SB-34 SMOKE,20,600
7/12/2025,VISOR SB-34 CLEAR,32,400
7/12/2025,PIVOT KIT SB-37 ZON,15,650
7/12/2025,PIVOT KIT SB-36 CRUVE,10,50
7/13/2025,SB-94 IGN-16 ECE CARBON LOOK+WHITE L 600MM,15,550
7/13/2025,VISOR SB-34 CHROME BLUE,40,500
7/13/2025,VISOR SB-34 SMOKE,22,600
7/13/2025,VISOR SB-34 CLEAR,33,400
7/14/2025,PIVOT KIT SB-37 ZON,12,650
7/14/2025,PIVOT KIT SB-36 CRUVE,18,2200
7/14/2025,SB-94 IGN-16 ECE CARBON LOOK+WHITE L 600MM,15,550
7/14/2025,VISOR SB-34 CHROME BLUE,40,500
7/15/2025,VISOR SB-34 SMOKE,15,600
7/15/2025,VISOR SB-34 CLEAR,22,400
7/15/2025,PIVOT KIT SB-37 ZON,18,650
7/15/2025,PIVOT KIT SB-36 CRUVE,20,2200
7/16/2025,SB-94 IGN-16 ECE CARBON LOOK+WHITE L 600MM,30,550
7/16/2025,VISOR SB-34 CHROME BLUE,28,500
7/16/2025,VISOR SB-34 SMOKE,22,600
7/16/2025,VISOR SB-34 CLEAR,25,400
7/17/2025,PIVOT KIT SB-37 ZON,35,650
7/17/2025,PIVOT KIT SB-36 CRUVE,20,2200
7/17/2025,SB-94 IGN-16 ECE CARBON LOOK+WHITE L 600MM,10,550
7/17/2025,VISOR SB-34 CHROME BLUE,30,500
7/18/2025,VISOR SB-34 SMOKE,24,600
7/18/2025,VISOR SB-34 CLEAR,24,400
7/18/2025,PIVOT KIT SB-37 ZON,22,650
7/18/2025,PIVOT KIT SB-36 CRUVE,18,2200
7/19/2025,SB-94 IGN-16 ECE CARBON LOOK+WHITE L 600MM,15,550
7/19/2025,VISOR SB-34 CHROME BLUE,18,500
7/19/2025,VISOR SB-34 SMOKE,22,600
7/19/2025,VISOR SB-34 CLEAR,25,400
7/20/2025,PIVOT KIT SB-37 ZON,25,650
7/20/2025,PIVOT KIT SB-36 CRUVE,10,2200
7/20/2025,SB-94 IGN-16 ECE CARBON LOOK+WHITE L 600MM,20,550
7/20/2025,VISOR SB-34 CHROME BLUE,40,500
7/21/2025,VISOR SB-34 SMOKE,27,600
7/21/2025,VISOR SB-34 CLEAR,20,400
7/21/2025,PIVOT KIT SB-37 ZON,20,650
7/21/2025,PIVOT KIT SB-36 CRUVE,10,2200
7/22/2025,SB-94 IGN-16 ECE CARBON LOOK+WHITE L 600MM,15,550
7/22/2025,VISOR SB-34 CHROME BLUE,40,500
7/22/2025,VISOR SB-34 SMOKE,30,600
7/22/2025,VISOR SB-34 CLEAR,25,400
7/23/2025,PIVOT KIT SB-37 ZON,20,650
7/23/2025,PIVOT KIT SB-36 CRUVE,20,2200
7/23/2025,SB-94 IGN-16 ECE CARBON LOOK+WHITE L 600MM,15,550
7/23/2025,VISOR SB-34 CHROME BLUE,40,500
7/24/2025,VISOR SB-34 SMOKE,10,600
7/24/2025,VISOR SB-34 CLEAR,15,400
7/24/2025,PIVOT KIT SB-37 ZON,25,650
7/24/2025,PIVOT KIT SB-36 CRUVE,20,2200
7/1/2025,SB-94 IGN-16 ECE CARBON LOOK+WHITE L 600MM,15,550
7/1/2025,VISOR SB-34 CHROME BLUE,44,500
7/1/2025,VISOR SB-34 SMOKE,15,600
7/1/2025,VISOR SB-34 CLEAR,25,400
7/2/2025,PIVOT KIT SB-37 ZON,20,650
7/2/2025,PIVOT KIT SB-36 CRUVE,25,2200
7/2/2025,SB-94 IGN-16 ECE CARBON LOOK+WHITE L 600MM,25,550
7/2/2025,VISOR SB-34 CHROME BLUE,22,500
7/3/2025,VISOR SB-34 SMOKE,14,600
7/3/2025,VISOR SB-34 CLEAR,10,400
7/3/2025,PIVOT KIT SB-37 ZON,20,650
7/3/2025,PIVOT KIT SB-36 CRUVE,20,2200
7/4/2025,SB-94 IGN-16 ECE CARBON LOOK+WHITE L 600MM,15,550
7/4/2025,VISOR SB-34 CHROME BLUE,21,500
7/4/2025,VISOR SB-34 SMOKE,16,600
7/4/2025,VISOR SB-34 CLEAR,25,400
7/5/2025,PIVOT KIT SB-37 ZON,24,650
7/5/2025,PIVOT KIT SB-36 CRUVE,10,2200
7/5/2025,SB-94 IGN-16 ECE CARBON LOOK+WHITE L 600MM,15,550
7/5/2025,VISOR SB-34 CHROME BLUE,40,500
7/6/2025,VISOR SB-34 SMOKE,12,600
7/6/2025,VISOR SB-34 CLEAR,25,400
7/6/2025,PIVOT KIT SB-37 ZON,20,650
7/6/2025,PIVOT KIT SB-36 CRUVE,15,2200
7/7/2025,SB-94 IGN-16 ECE CARBON LOOK+WHITE L 600MM,30,550
7/7/2025,VISOR SB-34 CHROME BLUE,15,500
7/7/2025,VISOR SB-34 SMOKE,30,600
7/7/2025,VISOR SB-34 CLEAR,25,400
7/8/2025,PIVOT KIT SB-37 ZON,20,650
7/8/2025,PIVOT KIT SB-36 CRUVE,15,2200
7/8/2025,SB-94 IGN-16 ECE CARBON LOOK+WHITE L 600MM,15,550
7/8/2025,VISOR SB-34 CHROME BLUE,40,500
7/9/2025,VISOR SB-34 SMOKE,30,600
7/9/2025,VISOR SB-34 CLEAR,18,400
7/9/2025,PIVOT KIT SB-37 ZON,32,650
7/9/2025,PIVOT KIT SB-36 CRUVE,15,2200
7/10/2025,SB-94 IGN-16 ECE CARBON LOOK+WHITE L 600MM,15,550
7/10/2025,VISOR SB-34 CHROME BLUE,40,500
7/10/2025,VISOR SB-34 SMOKE,25,600
7/10/2025,VISOR SB-34 CLEAR,25,400
7/11/2025,PIVOT KIT SB-37 ZON,20,650
7/11/2025,PIVOT KIT SB-36 CRUVE,12,2200
7/11/2025,SB-94 IGN-16 ECE CARBON LOOK+WHITE L 600MM,20,550
7/11/2025,VISOR SB-34 CHROME BLUE,16,500
7/12/2025,VISOR SB-34 SMOKE,30,600
7/12/2025,VISOR SB-34 CLEAR,25,400
7/12/2025,PIVOT KIT SB-37 ZON,20,650
7/12/2025,PIVOT KIT SB-36 CRUVE,20,2200
7/13/2025,SB-94 IGN-16 ECE CARBON LOOK+WHITE L 600MM,15,550
7/13/2025,VISOR SB-34 CHROME BLUE,40,500
7/13/2025,VISOR SB-34 SMOKE,30,600
7/13/2025,VISOR SB-34 CLEAR,25,400
7/14/2025,PIVOT KIT SB-37 ZON,35,650
7/14/2025,PIVOT KIT SB-36 CRUVE,22,2200
7/14/2025,SB-94 IGN-16 ECE CARBON LOOK+WHITE L 600MM,15,550
7/14/2025,VISOR SB-34 CHROME BLUE,18,500
7/15/2025,VISOR SB-34 SMOKE,30,600
7/15/2025,VISOR SB-34 CLEAR,20,400
7/15/2025,PIVOT KIT SB-37 ZON,20,650
7/15/2025,PIVOT KIT SB-36 CRUVE,25,2200
7/16/2025,SB-94 IGN-16 ECE CARBON LOOK+WHITE L 600MM,15,550
7/16/2025,VISOR SB-34 CHROME BLUE,40,500
7/16/2025,VISOR SB-34 SMOKE,32,600
7/16/2025,VISOR SB-34 CLEAR,25,400
7/17/2025,PIVOT KIT SB-37 ZON,32,650
7/17/2025,PIVOT KIT SB-36 CRUVE,20,2200
7/17/2025,SB-94 IGN-16 ECE CARBON LOOK+WHITE L 600MM,5,550
7/17/2025,VISOR SB-34 CHROME BLUE,40,500
7/18/2025,VISOR SB-34 SMOKE,30,600
7/18/2025,VISOR SB-34 CLEAR,25,400
7/18/2025,PIVOT KIT SB-37 ZON,40,650
7/18/2025,PIVOT KIT SB-36 CRUVE,12,2200
7/19/2025,SB-94 IGN-16 ECE CARBON LOOK+WHITE L 600MM,15,550
7/19/2025,VISOR SB-34 CHROME BLUE,14,500
7/19/2025,VISOR SB-34 SMOKE,38,600
7/19/2025,VISOR SB-34 CLEAR,25,400
7/20/2025,PIVOT KIT SB-37 ZON,20,650
7/20/2025,PIVOT KIT SB-36 CRUVE,15,2200
7/20/2025,SB-94 IGN-16 ECE CARBON LOOK+WHITE L 600MM,15,550
7/20/2025,VISOR SB-34 CHROME BLUE,40,500
7/21/2025,VISOR SB-34 SMOKE,30,600
7/21/2025,VISOR SB-34 CLEAR,22,400
7/21/2025,PIVOT KIT SB-37 ZON,20,650
7/21/2025,PIVOT KIT SB-36 CRUVE,20,500
,,,
,,,
,,,
,,,
,,,
,,,
,,,
,,,
,,,
,,,
,,,
,,,
